{
    "AAPL": 0.472,
    "MSFT": 0.46,
    "AMZN": 0.496,
    "TSLA": 0.508,
    "GOOGL": 0.448,
    "FB": 0.4873417721518987,
    "NVDA": 0.48,
    "BRK-B": 0.45,
    "JPM": 0.48,
    "JNJ": 0.506,
    "UNH": 0.486,
    "HD": 0.46,
    "V": 0.494,
    "BAC": 0.47,
    "PG": 0.478,
    "MA": 0.486,
    "DIS": 0.482,
    "ADBE": 0.516,
    "NFLX": 0.464,
    "PYPL": 0.5110410094637224
}