{
    "AAPL": 0.5223367697594502,
    "MSFT": 0.4845360824742268,
    "AMZN": 0.5601374570446735,
    "TSLA": 0.4536082474226804,
    "GOOGL": 0.5154639175257731,
    "FB": 0.40893470790378006,
    "NVDA": 1.0,
    "BRK-B": 0.4742268041237113,
    "JPM": 0.4948453608247423,
    "JNJ": 0.49828178694158076,
    "UNH": 0.41924398625429554,
    "HD": 0.44673539518900346,
    "V": 0.5085910652920962,
    "BAC": 0.5017182130584192,
    "PG": 0.49140893470790376,
    "MA": 0.5051546391752577,
    "DIS": 0.5498281786941581,
    "ADBE": 0.4639175257731959,
    "NFLX": 0.49828178694158076,
    "PYPL": 0.49140893470790376
}