{
    "AAPL": 0.5269709543568465
}{
    "MSFT": 0.516597510373444
}{
    "AMZN": 0.47717842323651455
}{
    "TSLA": 0.535483870967742
}{
    "GOOGL": 0.5032258064516129
}{
    "FB": 0.4838709677419355
}{
    "NVDA": 0.5498281786941581
}{
    "BRK-B": 0.508298755186722
}{
    "JPM": 0.5124481327800829
}{
    "JNJ": 0.5092221331194867
}{
    "UNH": 0.4730290456431535
}{
    "HD": 0.483402489626556
}{
    "V": 0.46680497925311204
}{
    "BAC": 0.508557457212714
}{
    "PG": 0.4910350448247759
}{
    "MA": 0.5326460481099656
}{
    "DIS": 0.5154639175257731
}{
    "ADBE": 0.5017182130584192
}{
    "NFLX": 0.4742268041237113
}{
    "PYPL": 0.5506329113924051
}